0.000000000000000000e+00,7.145764160156250000e+03,4.464906826615333557e-02,2.941801452636718750e+02,6.126182079315185547e+00,1.000000047497451305e-03
1.000000000000000000e+02,5.872591308593750000e+03,4.399751186370849609e+00,2.931835327148437500e+02,2.702606201171875000e+01,1.000000047497451305e-03
2.000000000000000000e+02,5.889726562500000000e+03,4.742322444915771484e+00,2.943436584472656250e+02,2.631757760047912598e+01,1.000000047497451305e-03
3.000000000000000000e+02,5.894065429687500000e+03,4.811396121978759766e+00,2.945746154785156250e+02,2.620031499862670898e+01,1.000000047497451305e-03
4.000000000000000000e+02,5.879410156250000000e+03,4.811671733856201172e+00,2.938283691406250000e+02,2.623406910896301270e+01,1.000000047497451305e-03
5.000000000000000000e+02,5.899475097656250000e+03,4.869472503662109375e+00,2.948386535644531250e+02,2.611317968368530273e+01,1.000000047497451305e-03
6.000000000000000000e+02,5.875287109375000000e+03,4.785535335540771484e+00,2.936432800292968750e+02,2.617312574386596680e+01,1.000000047497451305e-03
7.000000000000000000e+02,5.886762207031250000e+03,4.757637023925781250e+00,2.942066345214843750e+02,2.595009589195251465e+01,1.000000047497451305e-03
8.000000000000000000e+02,5.857118652343750000e+03,4.754894733428955078e+00,2.927010498046875000e+02,2.596131730079650879e+01,1.000000047497451305e-03
9.000000000000000000e+02,5.863059570312500000e+03,4.779816150665283203e+00,2.930355224609375000e+02,2.602592873573303223e+01,1.000000047497451305e-03
1.000000000000000000e+03,5.883278320312500000e+03,4.813935279846191406e+00,2.940414733886718750e+02,2.592645955085754395e+01,1.000000047497451305e-03
1.100000000000000000e+03,5.860056640625000000e+03,4.730648517608642578e+00,2.928657226562500000e+02,2.600178551673889160e+01,1.000000047497451305e-03
1.200000000000000000e+03,5.867682128906250000e+03,4.792396068572998047e+00,2.932720947265625000e+02,2.590795850753784180e+01,1.000000047497451305e-03
1.300000000000000000e+03,5.907668945312500000e+03,4.772043704986572266e+00,2.952833251953125000e+02,2.617356991767883301e+01,1.000000047497451305e-03
1.400000000000000000e+03,5.920144042968750000e+03,4.758676052093505859e+00,2.959050903320312500e+02,2.613303351402282715e+01,1.000000047497451305e-03
1.500000000000000000e+03,5.900520019531250000e+03,4.775211334228515625e+00,2.949349975585937500e+02,2.584283518791198730e+01,1.000000047497451305e-03
1.600000000000000000e+03,5.876104003906250000e+03,4.690409660339355469e+00,2.936907348632812500e+02,2.589157915115356445e+01,1.000000047497451305e-03
1.700000000000000000e+03,5.877623535156250000e+03,4.725846290588378906e+00,2.937789306640625000e+02,2.609937262535095215e+01,1.000000047497451305e-03
1.800000000000000000e+03,5.908553710937500000e+03,4.747536182403564453e+00,2.953376159667968750e+02,2.613354063034057617e+01,1.000000047497451305e-03
1.900000000000000000e+03,5.865551757812500000e+03,4.713162899017333984e+00,2.931664123535156250e+02,2.590782380104064941e+01,1.000000047497451305e-03
2.000000000000000000e+03,5.870374023437500000e+03,4.649888515472412109e+00,2.933908691406250000e+02,2.593450689315795898e+01,1.000000047497451305e-03
2.100000000000000000e+03,5.907046386718750000e+03,4.787168025970458984e+00,2.952574768066406250e+02,2.592501711845397949e+01,1.000000047497451305e-03
2.200000000000000000e+03,5.907531250000000000e+03,4.797655105590820312e+00,2.952622375488281250e+02,2.604995512962341309e+01,1.000000047497451305e-03
2.300000000000000000e+03,5.891352539062500000e+03,4.689633369445800781e+00,2.944711608886718750e+02,2.592169642448425293e+01,1.000000047497451305e-03
2.400000000000000000e+03,5.877994140625000000e+03,4.727510929107666016e+00,2.938171997070312500e+02,2.586961746215820312e+01,1.000000047497451305e-03
2.500000000000000000e+03,5.872516601562500000e+03,4.778565883636474609e+00,2.935236206054687500e+02,2.597022414207458496e+01,1.000000047497451305e-03
2.600000000000000000e+03,5.892971679687500000e+03,4.764086246490478516e+00,2.945523376464843750e+02,2.608724045753479004e+01,1.000000047497451305e-03
2.700000000000000000e+03,5.903072753906250000e+03,4.692382812500000000e+00,2.950684814453125000e+02,2.588558936119079590e+01,1.000000047497451305e-03
2.800000000000000000e+03,5.890391113281250000e+03,4.712179183959960938e+00,2.944353942871093750e+02,2.593039298057556152e+01,1.000000047497451305e-03
2.900000000000000000e+03,5.872741210937500000e+03,4.744324207305908203e+00,2.935607604980468750e+02,2.596263647079467773e+01,1.000000047497451305e-03
3.000000000000000000e+03,5.893018554687500000e+03,4.657124519348144531e+00,2.945561828613281250e+02,2.610315704345703125e+01,1.000000047497451305e-03
3.100000000000000000e+03,5.892513671875000000e+03,4.696399688720703125e+00,2.945469970703125000e+02,2.582977366447448730e+01,1.000000047497451305e-03
3.200000000000000000e+03,5.835672363281250000e+03,4.652922153472900391e+00,2.917008361816406250e+02,2.597741150856018066e+01,1.000000047497451305e-03
3.300000000000000000e+03,5.874233886718750000e+03,4.708925247192382812e+00,2.936461791992187500e+02,2.605625891685485840e+01,1.000000047497451305e-03
3.400000000000000000e+03,5.879174316406250000e+03,4.690787315368652344e+00,2.938845825195312500e+02,2.592973661422729492e+01,1.000000047497451305e-03
3.500000000000000000e+03,5.932376953125000000e+03,4.754453182220458984e+00,2.965442199707031250e+02,2.586624526977539062e+01,1.000000047497451305e-03
3.600000000000000000e+03,5.897701171875000000e+03,4.738450050354003906e+00,2.948204040527343750e+02,2.613523292541503906e+01,1.000000047497451305e-03
3.700000000000000000e+03,5.845701660156250000e+03,4.705166816711425781e+00,2.922080688476562500e+02,2.617230057716369629e+01,1.000000047497451305e-03
3.800000000000000000e+03,5.881006835937500000e+03,4.726617336273193359e+00,2.939924011230468750e+02,2.593155097961425781e+01,1.000000047497451305e-03
3.900000000000000000e+03,5.892004882812500000e+03,4.717557430267333984e+00,2.945438537597656250e+02,2.595427060127258301e+01,1.000000047497451305e-03
4.000000000000000000e+03,5.925952148437500000e+03,4.732596397399902344e+00,2.962331542968750000e+02,2.598832154273986816e+01,1.000000047497451305e-03
4.100000000000000000e+03,5.877770996093750000e+03,4.675477504730224609e+00,2.938332519531250000e+02,2.600162124633789062e+01,1.000000047497451305e-03
4.200000000000000000e+03,5.866687988281250000e+03,4.684864521026611328e+00,2.932806396484375000e+02,2.586080360412597656e+01,1.000000047497451305e-03
4.300000000000000000e+03,5.869762695312500000e+03,4.683425426483154297e+00,2.934396667480468750e+02,2.589926433563232422e+01,1.000000047497451305e-03
4.400000000000000000e+03,5.872674316406250000e+03,4.673415660858154297e+00,2.935803527832031250e+02,2.610448265075683594e+01,1.000000047497451305e-03
4.500000000000000000e+03,5.835984863281250000e+03,4.688053607940673828e+00,2.917495422363281250e+02,2.593655490875244141e+01,1.000000047497451305e-03
4.600000000000000000e+03,5.885481445312500000e+03,4.692334651947021484e+00,2.942272033691406250e+02,2.597900533676147461e+01,1.000000047497451305e-03
4.700000000000000000e+03,5.900264160156250000e+03,4.626917362213134766e+00,2.949604797363281250e+02,2.598947286605834961e+01,1.000000047497451305e-03
4.800000000000000000e+03,5.880001464843750000e+03,4.687414646148681641e+00,2.939630432128906250e+02,2.600280594825744629e+01,1.000000047497451305e-03
4.900000000000000000e+03,5.875833496093750000e+03,4.708960056304931641e+00,2.937437133789062500e+02,2.608643221855163574e+01,1.000000047497451305e-03
5.000000000000000000e+03,5.887605957031250000e+03,4.720077991485595703e+00,2.943324584960937500e+02,2.596795916557312012e+01,1.000000047497451305e-03
5.100000000000000000e+03,5.891574218750000000e+03,4.717257976531982422e+00,2.945432739257812500e+02,2.591652607917785645e+01,1.000000047497451305e-03
5.200000000000000000e+03,5.865195800781250000e+03,4.689931392669677734e+00,2.932303161621093750e+02,2.602723097801208496e+01,1.000000047497451305e-03
5.300000000000000000e+03,5.854167480468750000e+03,4.677836894989013672e+00,2.926760864257812500e+02,2.621970486640930176e+01,1.000000047497451305e-03
5.400000000000000000e+03,5.872591796875000000e+03,4.643140316009521484e+00,2.936001892089843750e+02,2.598563718795776367e+01,1.000000047497451305e-03
5.500000000000000000e+03,5.865088378906250000e+03,4.651060581207275391e+00,2.932257690429687500e+02,2.580251097679138184e+01,1.000000047497451305e-03
5.600000000000000000e+03,5.849367675781250000e+03,4.647169589996337891e+00,2.924414367675781250e+02,2.614072203636169434e+01,1.000000047497451305e-03
5.700000000000000000e+03,5.881196289062500000e+03,4.632653236389160156e+00,2.940333251953125000e+02,2.611955285072326660e+01,1.000000047497451305e-03
5.800000000000000000e+03,5.871203613281250000e+03,4.686903953552246094e+00,2.935313720703125000e+02,2.577625179290771484e+01,1.000000047497451305e-03
5.900000000000000000e+03,5.864770507812500000e+03,4.685390949249267578e+00,2.931979064941406250e+02,2.580415010452270508e+01,1.000000047497451305e-03
6.000000000000000000e+03,5.873054687500000000e+03,4.666107177734375000e+00,2.936294860839843750e+02,2.608888864517211914e+01,1.000000047497451305e-03
6.100000000000000000e+03,5.870218261718750000e+03,4.623533248901367188e+00,2.934831542968750000e+02,2.611683368682861328e+01,1.000000047497451305e-03
6.200000000000000000e+03,5.853004394531250000e+03,4.618453025817871094e+00,2.926128540039062500e+02,2.585550856590270996e+01,1.000000047497451305e-03
6.300000000000000000e+03,5.834790039062500000e+03,4.648454666137695312e+00,2.917204895019531250e+02,2.609283137321472168e+01,1.000000047497451305e-03
6.400000000000000000e+03,5.889975097656250000e+03,4.694524765014648438e+00,2.944677734375000000e+02,2.616386103630065918e+01,1.000000047497451305e-03
6.500000000000000000e+03,5.872863769531250000e+03,4.596118927001953125e+00,2.936092529296875000e+02,2.597923135757446289e+01,1.000000047497451305e-03
6.600000000000000000e+03,5.844660644531250000e+03,4.670818805694580078e+00,2.922130737304687500e+02,2.597958731651306152e+01,1.000000047497451305e-03
6.700000000000000000e+03,5.874128906250000000e+03,4.646763324737548828e+00,2.936802673339843750e+02,2.597878146171569824e+01,1.000000047497451305e-03
6.800000000000000000e+03,5.830686523437500000e+03,4.627886772155761719e+00,2.915078125000000000e+02,2.610869026184082031e+01,1.000000047497451305e-03
6.900000000000000000e+03,5.882018554687500000e+03,4.660511493682861328e+00,2.940785217285156250e+02,2.615562582015991211e+01,1.000000047497451305e-03
7.000000000000000000e+03,5.829617187500000000e+03,4.600437164306640625e+00,2.914548645019531250e+02,2.580624938011169434e+01,1.000000047497451305e-03
7.100000000000000000e+03,5.910857910156250000e+03,4.636811733245849609e+00,2.955216674804687500e+02,2.589682245254516602e+01,1.000000047497451305e-03
7.200000000000000000e+03,5.851425292968750000e+03,4.640177249908447266e+00,2.925548400878906250e+02,2.587697052955627441e+01,1.000000047497451305e-03
7.300000000000000000e+03,5.847157226562500000e+03,4.602187633514404297e+00,2.923342895507812500e+02,2.591161417961120605e+01,1.000000047497451305e-03
7.400000000000000000e+03,5.879709960937500000e+03,4.624067306518554688e+00,2.939721069335937500e+02,2.629916286468505859e+01,1.000000047497451305e-03
7.500000000000000000e+03,5.911199218750000000e+03,4.639770984649658203e+00,2.955225524902343750e+02,2.589858555793762207e+01,1.000000047497451305e-03
7.600000000000000000e+03,5.874476562500000000e+03,4.644529342651367188e+00,2.937021179199218750e+02,2.594874262809753418e+01,1.000000047497451305e-03
7.700000000000000000e+03,5.854271972656250000e+03,4.600836753845214844e+00,2.926921386718750000e+02,2.583772468566894531e+01,1.000000047497451305e-03
7.800000000000000000e+03,5.884004394531250000e+03,4.625724315643310547e+00,2.941809082031250000e+02,2.595965886116027832e+01,1.000000047497451305e-03
7.900000000000000000e+03,5.848353515625000000e+03,4.632071018218994141e+00,2.923988342285156250e+02,2.601444435119628906e+01,1.000000047497451305e-03
8.000000000000000000e+03,5.837282226562500000e+03,4.637990474700927734e+00,2.918440856933593750e+02,2.603166866302490234e+01,1.000000047497451305e-03
8.100000000000000000e+03,5.855644531250000000e+03,4.600874900817871094e+00,2.927628479003906250e+02,2.588503837585449219e+01,1.000000047497451305e-03
8.200000000000000000e+03,5.859868652343750000e+03,4.633930683135986328e+00,2.929769287109375000e+02,2.588760447502136230e+01,1.000000047497451305e-03
8.300000000000000000e+03,5.865384277343750000e+03,4.608200073242187500e+00,2.932511901855468750e+02,2.598486471176147461e+01,1.000000047497451305e-03
8.400000000000000000e+03,5.861951171875000000e+03,4.587543964385986328e+00,2.930678100585937500e+02,2.617494392395019531e+01,1.000000047497451305e-03
8.500000000000000000e+03,5.859476074218750000e+03,4.607753753662109375e+00,2.929578857421875000e+02,2.610503029823303223e+01,1.000000047497451305e-03
8.600000000000000000e+03,5.879971191406250000e+03,4.626352787017822266e+00,2.939834289550781250e+02,2.596767544746398926e+01,1.000000047497451305e-03
8.700000000000000000e+03,5.824178710937500000e+03,4.633829116821289062e+00,2.911929016113281250e+02,2.586460256576538086e+01,1.000000047497451305e-03
8.800000000000000000e+03,5.858080566406250000e+03,4.615910053253173828e+00,2.928907775878906250e+02,2.599866056442260742e+01,1.000000047497451305e-03
8.900000000000000000e+03,5.854863769531250000e+03,4.577779293060302734e+00,2.927186279296875000e+02,2.594153928756713867e+01,1.000000047497451305e-03
9.000000000000000000e+03,5.851627929687500000e+03,4.616445064544677734e+00,2.925604553222656250e+02,2.597919130325317383e+01,1.000000047497451305e-03
9.100000000000000000e+03,5.868575195312500000e+03,4.610805034637451172e+00,2.934140014648437500e+02,2.592410182952880859e+01,1.000000047497451305e-03
9.200000000000000000e+03,5.874924316406250000e+03,4.588711261749267578e+00,2.937333374023437500e+02,2.588169193267822266e+01,1.000000047497451305e-03
9.300000000000000000e+03,5.846585449218750000e+03,4.631146907806396484e+00,2.923143310546875000e+02,2.588546013832092285e+01,1.000000047497451305e-03
9.400000000000000000e+03,5.841522460937500000e+03,4.609305858612060547e+00,2.920645141601562500e+02,2.596277618408203125e+01,1.000000047497451305e-03
9.500000000000000000e+03,5.901414062500000000e+03,4.614339351654052734e+00,2.950540466308593750e+02,2.599236869812011719e+01,1.000000047497451305e-03
9.600000000000000000e+03,5.853897460937500000e+03,4.564385414123535156e+00,2.926739196777343750e+02,2.620961403846740723e+01,1.000000047497451305e-03
9.700000000000000000e+03,5.855159179687500000e+03,4.550433635711669922e+00,2.927415771484375000e+02,2.588997197151184082e+01,1.000000047497451305e-03
9.800000000000000000e+03,5.858807128906250000e+03,4.601438045501708984e+00,2.929275817871093750e+02,2.604788565635681152e+01,1.000000047497451305e-03
9.900000000000000000e+03,5.931405761718750000e+03,4.606131553649902344e+00,2.965565795898437500e+02,2.610681152343750000e+01,1.000000047497451305e-03
1.000000000000000000e+04,5.823649414062500000e+03,4.614130973815917969e+00,2.911655273437500000e+02,2.595688462257385254e+01,1.000000047497451305e-03
1.010000000000000000e+04,5.878270507812500000e+03,4.614061832427978516e+00,2.938942565917968750e+02,2.592158699035644531e+01,1.000000047497451305e-03
1.020000000000000000e+04,5.851342285156250000e+03,4.610915660858154297e+00,2.925558471679687500e+02,2.589289236068725586e+01,1.000000047497451305e-03
1.030000000000000000e+04,5.843098632812500000e+03,4.590235710144042969e+00,2.921371459960937500e+02,2.608537769317626953e+01,1.000000047497451305e-03
1.040000000000000000e+04,5.869143066406250000e+03,4.578112125396728516e+00,2.934376220703125000e+02,2.616795086860656738e+01,1.000000047497451305e-03
1.050000000000000000e+04,5.890369140625000000e+03,4.597272396087646484e+00,2.945054626464843750e+02,2.598527884483337402e+01,1.000000047497451305e-03
1.060000000000000000e+04,5.919763183593750000e+03,4.601657867431640625e+00,2.959719848632812500e+02,2.585685753822326660e+01,1.000000047497451305e-03
1.070000000000000000e+04,5.893604980468750000e+03,4.577463626861572266e+00,2.946620483398437500e+02,2.604739189147949219e+01,1.000000047497451305e-03
1.080000000000000000e+04,5.842250000000000000e+03,4.591298103332519531e+00,2.920964355468750000e+02,2.623807191848754883e+01,1.000000047497451305e-03
1.090000000000000000e+04,5.850892578125000000e+03,4.517249584197998047e+00,2.925247497558593750e+02,2.600764083862304688e+01,1.000000047497451305e-03
1.100000000000000000e+04,5.859085449218750000e+03,4.571600437164306641e+00,2.929395751953125000e+02,2.594376087188720703e+01,1.000000047497451305e-03
1.110000000000000000e+04,5.856367187500000000e+03,4.609839439392089844e+00,2.928055419921875000e+02,2.598367190361022949e+01,1.000000047497451305e-03
1.120000000000000000e+04,5.848257812500000000e+03,4.570602416992187500e+00,2.923978881835937500e+02,2.617765784263610840e+01,1.000000047497451305e-03
1.130000000000000000e+04,5.861416503906250000e+03,4.584574699401855469e+00,2.930602722167968750e+02,2.586864638328552246e+01,1.000000047497451305e-03
1.140000000000000000e+04,5.868188476562500000e+03,4.563110351562500000e+00,2.933981933593750000e+02,2.594898796081542969e+01,1.000000047497451305e-03
1.150000000000000000e+04,5.819514160156250000e+03,4.581260681152343750e+00,2.909602355957031250e+02,2.616425895690917969e+01,1.000000047497451305e-03
1.160000000000000000e+04,5.848085449218750000e+03,4.592418193817138672e+00,2.923911437988281250e+02,2.603503108024597168e+01,1.000000047497451305e-03
1.170000000000000000e+04,5.850354492187500000e+03,4.602603912353515625e+00,2.925085144042968750e+02,2.586357784271240234e+01,1.000000047497451305e-03
1.180000000000000000e+04,5.847948242187500000e+03,4.611151218414306641e+00,2.923756408691406250e+02,2.586735415458679199e+01,1.000000047497451305e-03
1.190000000000000000e+04,5.838370605468750000e+03,4.557425498962402344e+00,2.919086914062500000e+02,2.589231324195861816e+01,1.000000047497451305e-03
1.200000000000000000e+04,5.903057128906250000e+03,4.559302330017089844e+00,2.951430969238281250e+02,2.610680150985717773e+01,1.000000047497451305e-03
1.210000000000000000e+04,5.872312500000000000e+03,4.599546432495117188e+00,2.936041564941406250e+02,2.606265330314636230e+01,1.000000047497451305e-03
1.220000000000000000e+04,5.847240722656250000e+03,4.606730461120605469e+00,2.923463745117187500e+02,2.576887488365173340e+01,1.000000047497451305e-03
1.230000000000000000e+04,5.849657226562500000e+03,4.577082633972167969e+00,2.924710693359375000e+02,2.574290919303894043e+01,1.000000047497451305e-03
1.240000000000000000e+04,5.870524902343750000e+03,4.544544219970703125e+00,2.935127258300781250e+02,2.606244683265686035e+01,1.000000047497451305e-03
1.250000000000000000e+04,5.878544433593750000e+03,4.576878547668457031e+00,2.939115905761718750e+02,2.598340249061584473e+01,1.000000047497451305e-03
1.260000000000000000e+04,5.863902343750000000e+03,4.614351749420166016e+00,2.931839904785156250e+02,2.606831502914428711e+01,1.000000047497451305e-03
1.270000000000000000e+04,5.846816894531250000e+03,4.561491489410400391e+00,2.923318176269531250e+02,2.589636421203613281e+01,1.000000047497451305e-03
1.280000000000000000e+04,5.873110351562500000e+03,4.578626155853271484e+00,2.936451721191406250e+02,2.583161115646362305e+01,1.000000047497451305e-03
1.290000000000000000e+04,5.914804199218750000e+03,4.581246376037597656e+00,2.957286682128906250e+02,2.601203608512878418e+01,1.000000047497451305e-03
1.300000000000000000e+04,5.895994628906250000e+03,4.572249889373779297e+00,2.947886657714843750e+02,2.605791687965393066e+01,1.000000047497451305e-03
1.310000000000000000e+04,5.847033691406250000e+03,4.593616962432861328e+00,2.923353576660156250e+02,2.581907629966735840e+01,1.000000047497451305e-03
1.320000000000000000e+04,5.820851074218750000e+03,4.557287216186523438e+00,2.910334167480468750e+02,2.593222403526306152e+01,1.000000047497451305e-03
1.330000000000000000e+04,5.873679199218750000e+03,4.564505577087402344e+00,2.936736755371093750e+02,2.610134887695312500e+01,1.000000047497451305e-03
1.340000000000000000e+04,5.893569824218750000e+03,4.587810993194580078e+00,2.946690063476562500e+02,2.602687025070190430e+01,1.000000047497451305e-03
1.350000000000000000e+04,5.815626953125000000e+03,4.581517219543457031e+00,2.907733154296875000e+02,2.595791912078857422e+01,1.000000047497451305e-03
1.360000000000000000e+04,5.860874511718750000e+03,4.541045665740966797e+00,2.930242309570312500e+02,2.590964818000793457e+01,1.000000047497451305e-03
1.370000000000000000e+04,5.895940429687500000e+03,4.577285289764404297e+00,2.947859497070312500e+02,2.607806372642517090e+01,1.000000047497451305e-03
1.380000000000000000e+04,5.885356445312500000e+03,4.580798625946044922e+00,2.942549743652343750e+02,2.607017612457275391e+01,1.000000047497451305e-03
1.390000000000000000e+04,5.862170898437500000e+03,4.581827640533447266e+00,2.930990295410156250e+02,2.590344429016113281e+01,1.000000047497451305e-03
1.400000000000000000e+04,5.877583007812500000e+03,4.574551105499267578e+00,2.938700561523437500e+02,2.592751789093017578e+01,1.000000047497451305e-03
1.410000000000000000e+04,5.851869140625000000e+03,4.567371845245361328e+00,2.925767822265625000e+02,2.603671479225158691e+01,1.000000047497451305e-03
1.420000000000000000e+04,5.877498046875000000e+03,4.601513862609863281e+00,2.938642883300781250e+02,2.595425915718078613e+01,1.000000047497451305e-03
1.430000000000000000e+04,5.838491210937500000e+03,4.570647239685058594e+00,2.919158935546875000e+02,2.588674330711364746e+01,1.000000047497451305e-03
1.440000000000000000e+04,5.868261230468750000e+03,4.540489196777343750e+00,2.933896179199218750e+02,2.585867476463317871e+01,1.000000047497451305e-03
1.450000000000000000e+04,5.892022949218750000e+03,4.581661224365234375e+00,2.945870056152343750e+02,2.594037389755249023e+01,1.000000047497451305e-03
1.460000000000000000e+04,5.891923339843750000e+03,4.581019878387451172e+00,2.945878601074218750e+02,2.607721495628356934e+01,1.000000047497451305e-03
1.470000000000000000e+04,5.847955078125000000e+03,4.578133583068847656e+00,2.923879394531250000e+02,2.617840933799743652e+01,1.000000047497451305e-03
1.480000000000000000e+04,5.885581054687500000e+03,4.570882320404052734e+00,2.942696533203125000e+02,2.587706756591796875e+01,1.000000047497451305e-03
1.490000000000000000e+04,5.897697265625000000e+03,4.553951740264892578e+00,2.948778076171875000e+02,2.582650494575500488e+01,1.000000047497451305e-03
1.500000000000000000e+04,5.878576171875000000e+03,4.594799995422363281e+00,2.939199523925781250e+02,2.606819391250610352e+01,1.000000047497451305e-03
1.510000000000000000e+04,5.890015136718750000e+03,4.574985504150390625e+00,2.944893493652343750e+02,2.621490526199340820e+01,1.000000047497451305e-03
1.520000000000000000e+04,5.902349609375000000e+03,4.589169502258300781e+00,2.951093750000000000e+02,2.589147090911865234e+01,1.000000047497451305e-03
1.530000000000000000e+04,5.881702636718750000e+03,4.591743469238281250e+00,2.940779418945312500e+02,2.598298859596252441e+01,1.000000047497451305e-03
1.540000000000000000e+04,5.870497070312500000e+03,4.579941272735595703e+00,2.935157165527343750e+02,2.612002134323120117e+01,1.000000047497451305e-03
1.550000000000000000e+04,5.848045898437500000e+03,4.561629295349121094e+00,2.923937988281250000e+02,2.594510531425476074e+01,1.000000047497451305e-03
1.560000000000000000e+04,5.840948242187500000e+03,4.572457313537597656e+00,2.920375671386718750e+02,2.603277373313903809e+01,1.000000047497451305e-03
1.570000000000000000e+04,5.853341796875000000e+03,4.604541301727294922e+00,2.926392517089843750e+02,2.611886334419250488e+01,1.000000047497451305e-03
1.580000000000000000e+04,5.860077636718750000e+03,4.547780513763427734e+00,2.929917602539062500e+02,2.594250512123107910e+01,1.000000047497451305e-03
1.590000000000000000e+04,5.865568359375000000e+03,4.560451030731201172e+00,2.932680664062500000e+02,2.595364189147949219e+01,1.000000047497451305e-03
1.600000000000000000e+04,5.890547363281250000e+03,4.580642700195312500e+00,2.945183410644531250e+02,2.612365460395812988e+01,1.000000047497451305e-03
1.610000000000000000e+04,5.882693847656250000e+03,4.572282314300537109e+00,2.941271057128906250e+02,2.605179190635681152e+01,1.000000047497451305e-03
1.620000000000000000e+04,5.867832031250000000e+03,4.575621128082275391e+00,2.933858032226562500e+02,2.581268644332885742e+01,1.000000047497451305e-03
1.630000000000000000e+04,5.844688964843750000e+03,4.592468738555908203e+00,2.922281494140625000e+02,2.592768144607543945e+01,1.000000047497451305e-03
1.640000000000000000e+04,5.863606445312500000e+03,4.563163280487060547e+00,2.931716918945312500e+02,2.593675732612609863e+01,1.000000047497451305e-03
1.650000000000000000e+04,5.888241210937500000e+03,4.564537048339843750e+00,2.944046936035156250e+02,2.606188988685607910e+01,1.000000047497451305e-03
1.660000000000000000e+04,5.883520996093750000e+03,4.586572647094726562e+00,2.941663208007812500e+02,2.596977186203002930e+01,1.000000047497451305e-03
1.670000000000000000e+04,5.860119140625000000e+03,4.559001922607421875e+00,2.929958496093750000e+02,2.599064087867736816e+01,1.000000047497451305e-03
1.680000000000000000e+04,5.857717773437500000e+03,4.570367813110351562e+00,2.928762817382812500e+02,2.598392844200134277e+01,1.000000047497451305e-03
1.690000000000000000e+04,5.858503906250000000e+03,4.565001010894775391e+00,2.929184570312500000e+02,2.616936159133911133e+01,1.000000047497451305e-03
1.700000000000000000e+04,5.885994140625000000e+03,4.589241027832031250e+00,2.942918090820312500e+02,2.596879458427429199e+01,1.000000047497451305e-03
1.710000000000000000e+04,5.874041503906250000e+03,4.549211978912353516e+00,2.936927795410156250e+02,2.582645964622497559e+01,1.000000047497451305e-03
1.720000000000000000e+04,5.869333984375000000e+03,4.539346218109130859e+00,2.934556884765625000e+02,2.578516840934753418e+01,1.000000047497451305e-03
1.730000000000000000e+04,5.830103027343750000e+03,4.588433742523193359e+00,2.914958190917968750e+02,2.610099530220031738e+01,1.000000047497451305e-03
1.740000000000000000e+04,5.868761718750000000e+03,4.577042102813720703e+00,2.934312438964843750e+02,2.595813679695129395e+01,1.000000047497451305e-03
1.750000000000000000e+04,5.897745605468750000e+03,4.567105770111083984e+00,2.948779296875000000e+02,2.588372850418090820e+01,1.000000047497451305e-03
1.760000000000000000e+04,5.838708984375000000e+03,4.582689285278320312e+00,2.919291381835937500e+02,2.608647465705871582e+01,1.000000047497451305e-03
1.770000000000000000e+04,5.867989746093750000e+03,4.571284770965576172e+00,2.933894958496093750e+02,2.600621199607849121e+01,1.000000047497451305e-03
1.780000000000000000e+04,5.844032714843750000e+03,4.572713375091552734e+00,2.921897277832031250e+02,2.599047040939331055e+01,1.000000047497451305e-03
1.790000000000000000e+04,5.857181640625000000e+03,4.568494796752929688e+00,2.928507080078125000e+02,2.592693352699279785e+01,1.000000047497451305e-03
1.800000000000000000e+04,5.866569824218750000e+03,4.563097476959228516e+00,2.933191833496093750e+02,2.605577778816223145e+01,1.000000047497451305e-03
1.810000000000000000e+04,5.874025390625000000e+03,4.585343837738037109e+00,2.936949768066406250e+02,2.611738967895507812e+01,1.000000047497451305e-03
1.820000000000000000e+04,5.915919921875000000e+03,4.564300060272216797e+00,2.957860717773437500e+02,2.593052577972412109e+01,1.000000047497451305e-03
1.830000000000000000e+04,5.866286621093750000e+03,4.574098110198974609e+00,2.933080139160156250e+02,2.599307370185852051e+01,1.000000047497451305e-03
1.840000000000000000e+04,5.879188476562500000e+03,4.572943687438964844e+00,2.939534301757812500e+02,2.589372324943542480e+01,1.000000047497451305e-03
1.850000000000000000e+04,5.880394531250000000e+03,4.560627937316894531e+00,2.940127868652343750e+02,2.592829036712646484e+01,1.000000047497451305e-03
1.860000000000000000e+04,5.818481445312500000e+03,4.584803104400634766e+00,2.909185485839843750e+02,2.594902396202087402e+01,1.000000047497451305e-03
1.870000000000000000e+04,5.818660156250000000e+03,4.573283195495605469e+00,2.909223632812500000e+02,2.603352117538452148e+01,1.000000047497451305e-03
1.880000000000000000e+04,5.882700195312500000e+03,4.572625637054443359e+00,2.941250000000000000e+02,2.589784026145935059e+01,1.000000047497451305e-03
1.890000000000000000e+04,5.860896484375000000e+03,4.553099155426025391e+00,2.930374755859375000e+02,2.609542202949523926e+01,1.000000047497451305e-03
1.900000000000000000e+04,5.822531738281250000e+03,4.542277336120605469e+00,2.911139831542968750e+02,2.621950674057006836e+01,1.000000047497451305e-03
1.910000000000000000e+04,5.870395019531250000e+03,4.579410552978515625e+00,2.935120544433593750e+02,2.592467713356018066e+01,1.000000047497451305e-03
1.920000000000000000e+04,5.862437500000000000e+03,4.576599121093750000e+00,2.931139526367187500e+02,2.595369553565979004e+01,1.000000047497451305e-03
1.930000000000000000e+04,5.890335449218750000e+03,4.571845054626464844e+00,2.945045166015625000e+02,2.597604131698608398e+01,1.000000047497451305e-03
1.940000000000000000e+04,5.909266113281250000e+03,4.586431026458740234e+00,2.954566650390625000e+02,2.599091792106628418e+01,1.000000047497451305e-03
1.950000000000000000e+04,5.880971679687500000e+03,4.580623149871826172e+00,2.940417480468750000e+02,2.610669565200805664e+01,1.000000047497451305e-03
1.960000000000000000e+04,5.896374023437500000e+03,4.581272125244140625e+00,2.948118286132812500e+02,2.586614847183227539e+01,1.000000047497451305e-03
1.970000000000000000e+04,5.871439453125000000e+03,4.576210975646972656e+00,2.935640563964843750e+02,2.589385056495666504e+01,1.000000047497451305e-03
1.980000000000000000e+04,5.848034179687500000e+03,4.579479217529296875e+00,2.923962707519531250e+02,2.603433799743652344e+01,1.000000047497451305e-03
1.990000000000000000e+04,5.879569824218750000e+03,4.572731018066406250e+00,2.939722290039062500e+02,2.599627971649169922e+01,1.000000047497451305e-03
0.000000000000000000e+00,5.869854980468750000e+03,4.604277133941650391e+00,2.934819946289062500e+02,2.586240768432617188e-01,9.999999747378751636e-05
1.000000000000000000e+02,5.863225585937500000e+03,4.587019443511962891e+00,2.931567993164062500e+02,2.593870306015014648e+01,9.999999747378751636e-05
2.000000000000000000e+02,5.864032714843750000e+03,4.588972568511962891e+00,2.931975097656250000e+02,2.588615107536315918e+01,9.999999747378751636e-05
3.000000000000000000e+02,5.896186523437500000e+03,4.587549686431884766e+00,2.948067626953125000e+02,2.592959642410278320e+01,9.999999747378751636e-05
4.000000000000000000e+02,5.870652832031250000e+03,4.589090347290039062e+00,2.935297241210937500e+02,2.609125256538391113e+01,9.999999747378751636e-05
5.000000000000000000e+02,5.843865722656250000e+03,4.588850021362304688e+00,2.921900939941406250e+02,2.596163225173950195e+01,9.999999747378751636e-05
6.000000000000000000e+02,5.870338378906250000e+03,4.585798263549804688e+00,2.935151367187500000e+02,2.593935561180114746e+01,9.999999747378751636e-05
7.000000000000000000e+02,5.853351562500000000e+03,4.590153217315673828e+00,2.926658325195312500e+02,2.603091049194335938e+01,9.999999747378751636e-05
8.000000000000000000e+02,5.863745117187500000e+03,4.592153072357177734e+00,2.931851196289062500e+02,2.613339662551879883e+01,9.999999747378751636e-05
9.000000000000000000e+02,5.864808105468750000e+03,4.595414638519287109e+00,2.932383728027343750e+02,2.603694772720336914e+01,9.999999747378751636e-05
1.000000000000000000e+03,5.847290527343750000e+03,4.588875293731689453e+00,2.923630371093750000e+02,2.575695419311523438e+01,9.999999747378751636e-05
1.100000000000000000e+03,5.835204101562500000e+03,4.592356681823730469e+00,2.917584228515625000e+02,2.598428654670715332e+01,9.999999747378751636e-05
1.200000000000000000e+03,5.845669433593750000e+03,4.592964172363281250e+00,2.922819824218750000e+02,2.594680905342102051e+01,9.999999747378751636e-05
1.300000000000000000e+03,5.871186523437500000e+03,4.593741893768310547e+00,2.935572204589843750e+02,2.620270347595214844e+01,9.999999747378751636e-05
1.400000000000000000e+03,5.855414062500000000e+03,4.585610866546630859e+00,2.927691345214843750e+02,2.588436198234558105e+01,9.999999747378751636e-05
1.500000000000000000e+03,5.877775878906250000e+03,4.591138362884521484e+00,2.938872375488281250e+02,2.599305438995361328e+01,9.999999747378751636e-05
1.600000000000000000e+03,5.871163085937500000e+03,4.591062068939208984e+00,2.935564575195312500e+02,2.616423892974853516e+01,9.999999747378751636e-05
1.700000000000000000e+03,5.822172363281250000e+03,4.587039947509765625e+00,2.911069641113281250e+02,2.605208516120910645e+01,9.999999747378751636e-05
1.800000000000000000e+03,5.817461914062500000e+03,4.588648319244384766e+00,2.908718872070312500e+02,2.603046178817749023e+01,9.999999747378751636e-05
1.900000000000000000e+03,5.871574218750000000e+03,4.591851711273193359e+00,2.935773315429687500e+02,2.592312407493591309e+01,9.999999747378751636e-05
2.000000000000000000e+03,5.879607421875000000e+03,4.588143348693847656e+00,2.939787292480468750e+02,2.623179244995117188e+01,9.999999747378751636e-05
2.100000000000000000e+03,5.850752929687500000e+03,4.591742038726806641e+00,2.925364379882812500e+02,2.603199315071105957e+01,9.999999747378751636e-05
2.200000000000000000e+03,5.836037109375000000e+03,4.592218875885009766e+00,2.918008422851562500e+02,2.591765475273132324e+01,9.999999747378751636e-05
2.300000000000000000e+03,5.872015136718750000e+03,4.583422183990478516e+00,2.935987548828125000e+02,2.600658845901489258e+01,9.999999747378751636e-05
2.400000000000000000e+03,5.897435058593750000e+03,4.590179443359375000e+00,2.948700561523437500e+02,2.621668195724487305e+01,9.999999747378751636e-05
2.500000000000000000e+03,5.844635742187500000e+03,4.593150615692138672e+00,2.922303466796875000e+02,2.608194231986999512e+01,9.999999747378751636e-05
2.600000000000000000e+03,5.842015625000000000e+03,4.586065769195556641e+00,2.920993347167968750e+02,2.589670205116271973e+01,9.999999747378751636e-05
2.700000000000000000e+03,5.891952148437500000e+03,4.583206176757812500e+00,2.945960998535156250e+02,2.596136450767517090e+01,9.999999747378751636e-05
2.800000000000000000e+03,5.875069335937500000e+03,4.591270923614501953e+00,2.937524108886718750e+02,2.591015911102294922e+01,9.999999747378751636e-05
2.900000000000000000e+03,5.865181152343750000e+03,4.587627410888671875e+00,2.932571411132812500e+02,2.594997262954711914e+01,9.999999747378751636e-05
3.000000000000000000e+03,5.884178710937500000e+03,4.591592788696289062e+00,2.942076721191406250e+02,2.612823820114135742e+01,9.999999747378751636e-05
3.100000000000000000e+03,5.914574707031250000e+03,4.585985183715820312e+00,2.957274169921875000e+02,2.608067822456359863e+01,9.999999747378751636e-05
3.200000000000000000e+03,5.870437011718750000e+03,4.594446182250976562e+00,2.935206604003906250e+02,2.590525841712951660e+01,9.999999747378751636e-05
3.300000000000000000e+03,5.854016601562500000e+03,4.580912590026855469e+00,2.926996154785156250e+02,2.603533029556274414e+01,9.999999747378751636e-05
3.400000000000000000e+03,5.893489257812500000e+03,4.587118625640869141e+00,2.946734008789062500e+02,2.616779613494873047e+01,9.999999747378751636e-05
3.500000000000000000e+03,5.876653320312500000e+03,4.592189788818359375e+00,2.938312377929687500e+02,2.598410797119140625e+01,9.999999747378751636e-05
3.600000000000000000e+03,5.862174316406250000e+03,4.593282699584960938e+00,2.931076049804687500e+02,2.591203927993774414e+01,9.999999747378751636e-05
3.700000000000000000e+03,5.874650878906250000e+03,4.586579799652099609e+00,2.937314758300781250e+02,2.597226572036743164e+01,9.999999747378751636e-05
3.800000000000000000e+03,5.885546386718750000e+03,4.587546825408935547e+00,2.942762451171875000e+02,2.611577248573303223e+01,9.999999747378751636e-05
3.900000000000000000e+03,5.836022460937500000e+03,4.592936515808105469e+00,2.918002929687500000e+02,2.614808297157287598e+01,9.999999747378751636e-05
4.000000000000000000e+03,5.858777832031250000e+03,4.595098018646240234e+00,2.929379577636718750e+02,2.580619025230407715e+01,9.999999747378751636e-05
4.100000000000000000e+03,5.867788085937500000e+03,4.588520050048828125e+00,2.933884582519531250e+02,2.592747640609741211e+01,9.999999747378751636e-05
4.200000000000000000e+03,5.838642089843750000e+03,4.588071346282958984e+00,2.919311828613281250e+02,2.590354013442993164e+01,9.999999747378751636e-05
4.300000000000000000e+03,5.868416992187500000e+03,4.589181423187255859e+00,2.934198303222656250e+02,2.586444973945617676e+01,9.999999747378751636e-05
4.400000000000000000e+03,5.841391601562500000e+03,4.591672897338867188e+00,2.920685424804687500e+02,2.610413551330566406e+01,9.999999747378751636e-05
4.500000000000000000e+03,5.879067871093750000e+03,4.591879844665527344e+00,2.939526367187500000e+02,2.599939560890197754e+01,9.999999747378751636e-05
4.600000000000000000e+03,5.837167480468750000e+03,4.589108943939208984e+00,2.918573303222656250e+02,2.581306004524230957e+01,9.999999747378751636e-05
4.700000000000000000e+03,5.860982910156250000e+03,4.589045047760009766e+00,2.930481262207031250e+02,2.598910379409790039e+01,9.999999747378751636e-05
4.800000000000000000e+03,5.889930175781250000e+03,4.586995601654052734e+00,2.944951782226562500e+02,2.610783886909484863e+01,9.999999747378751636e-05
4.900000000000000000e+03,5.864192871093750000e+03,4.591606616973876953e+00,2.932084350585937500e+02,2.601685762405395508e+01,9.999999747378751636e-05
5.000000000000000000e+03,5.859183593750000000e+03,4.587855815887451172e+00,2.929583129882812500e+02,2.582490348815917969e+01,9.999999747378751636e-05
5.100000000000000000e+03,5.845604980468750000e+03,4.587621688842773438e+00,2.922793884277343750e+02,2.597275638580322266e+01,9.999999747378751636e-05
5.200000000000000000e+03,5.886277343750000000e+03,4.589849472045898438e+00,2.943128356933593750e+02,2.626436805725097656e+01,9.999999747378751636e-05
5.300000000000000000e+03,5.881653320312500000e+03,4.584618568420410156e+00,2.940815124511718750e+02,2.602265048027038574e+01,9.999999747378751636e-05
5.400000000000000000e+03,5.869951171875000000e+03,4.589810848236083984e+00,2.934967346191406250e+02,2.573617315292358398e+01,9.999999747378751636e-05
5.500000000000000000e+03,5.853139160156250000e+03,4.594704151153564453e+00,2.926560974121093750e+02,2.596212553977966309e+01,9.999999747378751636e-05
5.600000000000000000e+03,5.818947265625000000e+03,4.586994647979736328e+00,2.909466552734375000e+02,2.597457003593444824e+01,9.999999747378751636e-05
5.700000000000000000e+03,5.868858886718750000e+03,4.591811656951904297e+00,2.934419555664062500e+02,2.607817745208740234e+01,9.999999747378751636e-05
5.800000000000000000e+03,5.851645996093750000e+03,4.585852146148681641e+00,2.925816040039062500e+02,2.594387173652648926e+01,9.999999747378751636e-05
5.900000000000000000e+03,5.874287597656250000e+03,4.589336395263671875e+00,2.937137145996093750e+02,2.580683469772338867e+01,9.999999747378751636e-05
6.000000000000000000e+03,5.865240722656250000e+03,4.591225624084472656e+00,2.932614135742187500e+02,2.590588641166687012e+01,9.999999747378751636e-05
6.100000000000000000e+03,5.874030761718750000e+03,4.597980499267578125e+00,2.937008666992187500e+02,2.610352492332458496e+01,9.999999747378751636e-05
6.200000000000000000e+03,5.859191406250000000e+03,4.582766056060791016e+00,2.929588928222656250e+02,2.598879241943359375e+01,9.999999747378751636e-05
6.300000000000000000e+03,5.865699218750000000e+03,4.589014530181884766e+00,2.932841796875000000e+02,2.594960045814514160e+01,9.999999747378751636e-05
6.400000000000000000e+03,5.848340332031250000e+03,4.591907978057861328e+00,2.924163208007812500e+02,2.578809571266174316e+01,9.999999747378751636e-05
6.500000000000000000e+03,5.868851074218750000e+03,4.585958003997802734e+00,2.934419555664062500e+02,2.599217414855957031e+01,9.999999747378751636e-05
6.600000000000000000e+03,5.915886230468750000e+03,4.597611427307128906e+00,2.957936096191406250e+02,2.599914598464965820e+01,9.999999747378751636e-05
6.700000000000000000e+03,5.871447265625000000e+03,4.592521190643310547e+00,2.935715332031250000e+02,2.607183694839477539e+01,9.999999747378751636e-05
6.800000000000000000e+03,5.877765136718750000e+03,4.596741199493408203e+00,2.938876037597656250e+02,2.592022681236267090e+01,9.999999747378751636e-05
6.900000000000000000e+03,5.874168945312500000e+03,4.595373153686523438e+00,2.937074279785156250e+02,2.598812890052795410e+01,9.999999747378751636e-05
7.000000000000000000e+03,5.907878906250000000e+03,4.593294620513916016e+00,2.953933715820312500e+02,2.596053147315979004e+01,9.999999747378751636e-05
7.100000000000000000e+03,5.831034667968750000e+03,4.590464115142822266e+00,2.915509643554687500e+02,2.608199882507324219e+01,9.999999747378751636e-05
7.200000000000000000e+03,5.843635742187500000e+03,4.600759029388427734e+00,2.921810302734375000e+02,2.580432343482971191e+01,9.999999747378751636e-05
7.300000000000000000e+03,5.884651367187500000e+03,4.600867271423339844e+00,2.942318115234375000e+02,2.583148217201232910e+01,9.999999747378751636e-05
7.400000000000000000e+03,5.868646484375000000e+03,4.598350048065185547e+00,2.934317321777343750e+02,2.564625906944274902e+01,9.999999747378751636e-05
7.500000000000000000e+03,5.842807617187500000e+03,4.595191478729248047e+00,2.921396789550781250e+02,2.583566403388977051e+01,9.999999747378751636e-05
7.600000000000000000e+03,5.903555175781250000e+03,4.584349155426025391e+00,2.951771240234375000e+02,2.607057619094848633e+01,9.999999747378751636e-05
7.700000000000000000e+03,5.870160644531250000e+03,4.595890045166015625e+00,2.935073242187500000e+02,2.596596813201904297e+01,9.999999747378751636e-05
7.800000000000000000e+03,5.867332031250000000e+03,4.593212604522705078e+00,2.933660278320312500e+02,2.579104828834533691e+01,9.999999747378751636e-05
7.900000000000000000e+03,5.905350097656250000e+03,4.593294143676757812e+00,2.952669372558593750e+02,2.595035481452941895e+01,9.999999747378751636e-05
8.000000000000000000e+03,5.844380859375000000e+03,4.584015369415283203e+00,2.922185058593750000e+02,2.606287932395935059e+01,9.999999747378751636e-05
8.100000000000000000e+03,5.885026367187500000e+03,4.585784912109375000e+00,2.942507629394531250e+02,2.601534628868103027e+01,9.999999747378751636e-05
8.200000000000000000e+03,5.912893066406250000e+03,4.599853992462158203e+00,2.956438598632812500e+02,2.599622654914855957e+01,9.999999747378751636e-05
8.300000000000000000e+03,5.866833007812500000e+03,4.580604076385498047e+00,2.933411254882812500e+02,2.594927406311035156e+01,9.999999747378751636e-05
8.400000000000000000e+03,5.842721191406250000e+03,4.589112758636474609e+00,2.921355590820312500e+02,2.603077459335327148e+01,9.999999747378751636e-05
8.500000000000000000e+03,5.872659667968750000e+03,4.584136486053466797e+00,2.936323547363281250e+02,2.598459243774414062e+01,9.999999747378751636e-05
8.600000000000000000e+03,5.885634277343750000e+03,4.583665847778320312e+00,2.942810363769531250e+02,2.579272174835205078e+01,9.999999747378751636e-05
8.700000000000000000e+03,5.841526855468750000e+03,4.586185932159423828e+00,2.920756530761718750e+02,2.589670538902282715e+01,9.999999747378751636e-05
8.800000000000000000e+03,5.840866210937500000e+03,4.590726375579833984e+00,2.920426940917968750e+02,2.601836085319519043e+01,9.999999747378751636e-05
8.900000000000000000e+03,5.830688964843750000e+03,4.596646308898925781e+00,2.915339050292968750e+02,2.622904133796691895e+01,9.999999747378751636e-05
9.000000000000000000e+03,5.864347656250000000e+03,4.594600677490234375e+00,2.932164306640625000e+02,2.607386136054992676e+01,9.999999747378751636e-05
9.100000000000000000e+03,5.857273437500000000e+03,4.592113494873046875e+00,2.928631591796875000e+02,2.591439080238342285e+01,9.999999747378751636e-05
9.200000000000000000e+03,5.842386718750000000e+03,4.594369411468505859e+00,2.921186828613281250e+02,2.598238492012023926e+01,9.999999747378751636e-05
9.300000000000000000e+03,5.842945312500000000e+03,4.591049194335937500e+00,2.921467285156250000e+02,2.614784979820251465e+01,9.999999747378751636e-05
9.400000000000000000e+03,5.860733886718750000e+03,4.592153549194335938e+00,2.930361022949218750e+02,2.597601485252380371e+01,9.999999747378751636e-05
9.500000000000000000e+03,5.876097656250000000e+03,4.592184543609619141e+00,2.938041381835937500e+02,2.595186805725097656e+01,9.999999747378751636e-05
9.600000000000000000e+03,5.864244628906250000e+03,4.588432312011718750e+00,2.932117004394531250e+02,2.589308929443359375e+01,9.999999747378751636e-05
9.700000000000000000e+03,5.844733398437500000e+03,4.595978260040283203e+00,2.922361145019531250e+02,2.621996784210205078e+01,9.999999747378751636e-05
9.800000000000000000e+03,5.848963378906250000e+03,4.590576171875000000e+00,2.924476623535156250e+02,2.591225457191467285e+01,9.999999747378751636e-05
9.900000000000000000e+03,5.860562011718750000e+03,4.590010166168212891e+00,2.930276489257812500e+02,2.579351902008056641e+01,9.999999747378751636e-05
1.000000000000000000e+04,5.848929199218750000e+03,4.591464519500732422e+00,2.924455871582031250e+02,2.594563722610473633e+01,9.999999747378751636e-05
1.010000000000000000e+04,5.892107421875000000e+03,4.590993404388427734e+00,2.946048583984375000e+02,2.601277089118957520e+01,9.999999747378751636e-05
1.020000000000000000e+04,5.882775390625000000e+03,4.588904380798339844e+00,2.941382751464843750e+02,2.594984698295593262e+01,9.999999747378751636e-05
1.030000000000000000e+04,5.872668457031250000e+03,4.589055538177490234e+00,2.936329650878906250e+02,2.590338206291198730e+01,9.999999747378751636e-05
1.040000000000000000e+04,5.888219238281250000e+03,4.591703414916992188e+00,2.944103088378906250e+02,2.600031709671020508e+01,9.999999747378751636e-05
1.050000000000000000e+04,5.906734375000000000e+03,4.589164257049560547e+00,2.953361816406250000e+02,2.607273364067077637e+01,9.999999747378751636e-05
1.060000000000000000e+04,5.899165039062500000e+03,4.591070175170898438e+00,2.949576110839843750e+02,2.596930742263793945e+01,9.999999747378751636e-05
1.070000000000000000e+04,5.866535644531250000e+03,4.591352462768554688e+00,2.933262634277343750e+02,2.598127722740173340e+01,9.999999747378751636e-05
1.080000000000000000e+04,5.908865722656250000e+03,4.587623596191406250e+00,2.954427795410156250e+02,2.607260417938232422e+01,9.999999747378751636e-05
1.090000000000000000e+04,5.859735839843750000e+03,4.590982913970947266e+00,2.929861755371093750e+02,2.613343548774719238e+01,9.999999747378751636e-05
1.100000000000000000e+04,5.887784179687500000e+03,4.581867218017578125e+00,2.943886718750000000e+02,2.592780113220214844e+01,9.999999747378751636e-05
1.110000000000000000e+04,5.898779785156250000e+03,4.592618465423583984e+00,2.949385375976562500e+02,2.588853001594543457e+01,9.999999747378751636e-05
1.120000000000000000e+04,5.888203125000000000e+03,4.590051651000976562e+00,2.944096374511718750e+02,2.585587573051452637e+01,9.999999747378751636e-05
1.130000000000000000e+04,5.897302246093750000e+03,4.596329689025878906e+00,2.948644409179687500e+02,2.605333614349365234e+01,9.999999747378751636e-05
1.140000000000000000e+04,5.832178710937500000e+03,4.594622611999511719e+00,2.916080627441406250e+02,2.605934572219848633e+01,9.999999747378751636e-05
1.150000000000000000e+04,5.882863769531250000e+03,4.599061489105224609e+00,2.941424255371093750e+02,2.593761062622070312e+01,9.999999747378751636e-05
1.160000000000000000e+04,5.879200683593750000e+03,4.595206260681152344e+00,2.939594421386718750e+02,2.577942991256713867e+01,9.999999747378751636e-05
1.170000000000000000e+04,5.907278808593750000e+03,4.591264247894287109e+00,2.953634033203125000e+02,2.584381842613220215e+01,9.999999747378751636e-05
1.180000000000000000e+04,5.854102050781250000e+03,4.592179775238037109e+00,2.927043457031250000e+02,2.611773443222045898e+01,9.999999747378751636e-05
1.190000000000000000e+04,5.842479980468750000e+03,4.587794780731201172e+00,2.921235656738281250e+02,2.620098662376403809e+01,9.999999747378751636e-05
1.200000000000000000e+04,5.837666992187500000e+03,4.591855049133300781e+00,2.918827819824218750e+02,2.595478081703186035e+01,9.999999747378751636e-05
1.210000000000000000e+04,5.873902343750000000e+03,4.600593566894531250e+00,2.936946105957031250e+02,2.577527141571044922e+01,9.999999747378751636e-05
1.220000000000000000e+04,5.867630859375000000e+03,4.582610607147216797e+00,2.933810424804687500e+02,2.610637664794921875e+01,9.999999747378751636e-05
1.230000000000000000e+04,5.847341796875000000e+03,4.596478462219238281e+00,2.923661804199218750e+02,2.616681075096130371e+01,9.999999747378751636e-05
1.240000000000000000e+04,5.898868164062500000e+03,4.592330455780029297e+00,2.949427795410156250e+02,2.592050409317016602e+01,9.999999747378751636e-05
1.250000000000000000e+04,5.855756347656250000e+03,4.591372013092041016e+00,2.927872924804687500e+02,2.589853310585021973e+01,9.999999747378751636e-05
1.260000000000000000e+04,5.886239257812500000e+03,4.593615531921386719e+00,2.943114318847656250e+02,2.621824502944946289e+01,9.999999747378751636e-05
1.270000000000000000e+04,5.863499023437500000e+03,4.600694656372070312e+00,2.931743774414062500e+02,2.608918690681457520e+01,9.999999747378751636e-05
1.280000000000000000e+04,5.909041503906250000e+03,4.584780216217041016e+00,2.954513549804687500e+02,2.593281698226928711e+01,9.999999747378751636e-05
1.290000000000000000e+04,5.886390625000000000e+03,4.591613292694091797e+00,2.943190612792968750e+02,2.590564298629760742e+01,9.999999747378751636e-05
1.300000000000000000e+04,5.853497558593750000e+03,4.596645355224609375e+00,2.926744689941406250e+02,2.593258428573608398e+01,9.999999747378751636e-05
1.310000000000000000e+04,5.875198730468750000e+03,4.592847824096679688e+00,2.937595825195312500e+02,2.616790461540222168e+01,9.999999747378751636e-05
1.320000000000000000e+04,5.849900878906250000e+03,4.585596084594726562e+00,2.924946289062500000e+02,2.600431680679321289e+01,9.999999747378751636e-05
1.330000000000000000e+04,5.904072753906250000e+03,4.595205307006835938e+00,2.952030029296875000e+02,2.594352483749389648e+01,9.999999747378751636e-05
1.340000000000000000e+04,5.862412109375000000e+03,4.596142292022705078e+00,2.931200866699218750e+02,2.576282835006713867e+01,9.999999747378751636e-05
1.350000000000000000e+04,5.879091308593750000e+03,4.587519645690917969e+00,2.939541320800781250e+02,2.589677691459655762e+01,9.999999747378751636e-05
1.360000000000000000e+04,5.818591796875000000e+03,4.589025497436523438e+00,2.909291687011718750e+02,2.600333619117736816e+01,9.999999747378751636e-05
1.370000000000000000e+04,5.879805664062500000e+03,4.597421169281005859e+00,2.939898376464843750e+02,2.611494421958923340e+01,9.999999747378751636e-05
1.380000000000000000e+04,5.867504882812500000e+03,4.589423179626464844e+00,2.933747863769531250e+02,2.582153272628784180e+01,9.999999747378751636e-05
1.390000000000000000e+04,5.898115722656250000e+03,4.596031188964843750e+00,2.949053039550781250e+02,2.591974186897277832e+01,9.999999747378751636e-05
1.400000000000000000e+04,5.878965820312500000e+03,4.602557182312011719e+00,2.939479064941406250e+02,2.585862612724304199e+01,9.999999747378751636e-05
1.410000000000000000e+04,5.811189941406250000e+03,4.574051380157470703e+00,2.905590515136718750e+02,2.604679298400878906e+01,9.999999747378751636e-05
1.420000000000000000e+04,5.866216308593750000e+03,4.593409538269042969e+00,2.933099060058593750e+02,2.603624153137207031e+01,9.999999747378751636e-05
1.430000000000000000e+04,5.847451660156250000e+03,4.586459636688232422e+00,2.923721313476562500e+02,2.598988294601440430e+01,9.999999747378751636e-05
1.440000000000000000e+04,5.849822753906250000e+03,4.590898513793945312e+00,2.924907836914062500e+02,2.594645190238952637e+01,9.999999747378751636e-05
1.450000000000000000e+04,5.921314453125000000e+03,4.601767063140869141e+00,2.960652770996093750e+02,2.587428283691406250e+01,9.999999747378751636e-05
1.460000000000000000e+04,5.855793945312500000e+03,4.590528488159179688e+00,2.927890014648437500e+02,2.608131337165832520e+01,9.999999747378751636e-05
1.470000000000000000e+04,5.867750000000000000e+03,4.587303161621093750e+00,2.933869628906250000e+02,2.617567777633666992e+01,9.999999747378751636e-05
1.480000000000000000e+04,5.897854492187500000e+03,4.591608047485351562e+00,2.948923034667968750e+02,2.594493532180786133e+01,9.999999747378751636e-05
1.490000000000000000e+04,5.884008300781250000e+03,4.599057674407958984e+00,2.941999511718750000e+02,2.577771234512329102e+01,9.999999747378751636e-05
1.500000000000000000e+04,5.866299316406250000e+03,4.593613624572753906e+00,2.933145446777343750e+02,2.587098169326782227e+01,9.999999747378751636e-05
1.510000000000000000e+04,5.866856445312500000e+03,4.594668865203857422e+00,2.933424682617187500e+02,2.606137609481811523e+01,9.999999747378751636e-05
1.520000000000000000e+04,5.867816894531250000e+03,4.586032390594482422e+00,2.933904113769531250e+02,2.606978654861450195e+01,9.999999747378751636e-05
1.530000000000000000e+04,5.880586425781250000e+03,4.583915233612060547e+00,2.940287475585937500e+02,2.591676425933837891e+01,9.999999747378751636e-05
1.540000000000000000e+04,5.915942382812500000e+03,4.589149951934814453e+00,2.957966918945312500e+02,2.595129489898681641e+01,9.999999747378751636e-05
1.550000000000000000e+04,5.873444824218750000e+03,4.580176353454589844e+00,2.936718444824218750e+02,2.607330846786499023e+01,9.999999747378751636e-05
1.560000000000000000e+04,5.865168945312500000e+03,4.591326713562011719e+00,2.932578735351562500e+02,2.614420580863952637e+01,9.999999747378751636e-05
1.570000000000000000e+04,5.885067382812500000e+03,4.588560581207275391e+00,2.942529296875000000e+02,2.592253208160400391e+01,9.999999747378751636e-05
1.580000000000000000e+04,5.865492675781250000e+03,4.597133159637451172e+00,2.932742309570312500e+02,2.586721444129943848e+01,9.999999747378751636e-05
1.590000000000000000e+04,5.870988281250000000e+03,4.588203907012939453e+00,2.935490112304687500e+02,2.609981966018676758e+01,9.999999747378751636e-05
1.600000000000000000e+04,5.853440429687500000e+03,4.582242488861083984e+00,2.926716003417968750e+02,2.590078115463256836e+01,9.999999747378751636e-05
1.610000000000000000e+04,5.862913085937500000e+03,4.593480110168457031e+00,2.931452331542968750e+02,2.592093348503112793e+01,9.999999747378751636e-05
1.620000000000000000e+04,5.857590820312500000e+03,4.585076332092285156e+00,2.928791503906250000e+02,2.598219275474548340e+01,9.999999747378751636e-05
1.630000000000000000e+04,5.867425781250000000e+03,4.588129520416259766e+00,2.933709106445312500e+02,2.592590785026550293e+01,9.999999747378751636e-05
1.640000000000000000e+04,5.872936523437500000e+03,4.594085693359375000e+00,2.936464233398437500e+02,2.599127244949340820e+01,9.999999747378751636e-05
1.650000000000000000e+04,5.884324707031250000e+03,4.600025177001953125e+00,2.942158203125000000e+02,2.617273402214050293e+01,9.999999747378751636e-05
1.660000000000000000e+04,5.863771972656250000e+03,4.603906631469726562e+00,2.931881103515625000e+02,2.585801172256469727e+01,9.999999747378751636e-05
1.670000000000000000e+04,5.823502441406250000e+03,4.583015441894531250e+00,2.911744689941406250e+02,2.590173721313476562e+01,9.999999747378751636e-05
1.680000000000000000e+04,5.864804687500000000e+03,4.598569393157958984e+00,2.932397155761718750e+02,2.589979958534240723e+01,9.999999747378751636e-05
1.690000000000000000e+04,5.901137695312500000e+03,4.585819721221923828e+00,2.950564880371093750e+02,2.623657631874084473e+01,9.999999747378751636e-05
1.700000000000000000e+04,5.883004882812500000e+03,4.588823318481445312e+00,2.941497192382812500e+02,2.598256611824035645e+01,9.999999747378751636e-05
1.710000000000000000e+04,5.864170898437500000e+03,4.584237098693847656e+00,2.932081298828125000e+02,2.593395042419433594e+01,9.999999747378751636e-05
1.720000000000000000e+04,5.878527832031250000e+03,4.607754707336425781e+00,2.939258728027343750e+02,2.603413748741149902e+01,9.999999747378751636e-05
1.730000000000000000e+04,5.857658691406250000e+03,4.591626644134521484e+00,2.928825988769531250e+02,2.616340661048889160e+01,9.999999747378751636e-05
1.740000000000000000e+04,5.835123535156250000e+03,4.595529556274414062e+00,2.917555847167968750e+02,2.600315427780151367e+01,9.999999747378751636e-05
1.750000000000000000e+04,5.868958007812500000e+03,4.588320255279541016e+00,2.934472961425781250e+02,2.592186236381530762e+01,9.999999747378751636e-05
1.760000000000000000e+04,5.895943847656250000e+03,4.594672203063964844e+00,2.947967834472656250e+02,2.598132085800170898e+01,9.999999747378751636e-05
1.770000000000000000e+04,5.862965332031250000e+03,4.579553604125976562e+00,2.931476135253906250e+02,2.597118544578552246e+01,9.999999747378751636e-05
1.780000000000000000e+04,5.854675781250000000e+03,4.587217807769775391e+00,2.927333374023437500e+02,2.607733917236328125e+01,9.999999747378751636e-05
1.790000000000000000e+04,5.861275878906250000e+03,4.591673374176025391e+00,2.930634460449218750e+02,2.593364191055297852e+01,9.999999747378751636e-05
1.800000000000000000e+04,5.867443359375000000e+03,4.583777427673339844e+00,2.933713684082031250e+02,2.576939678192138672e+01,9.999999747378751636e-05
1.810000000000000000e+04,5.860124511718750000e+03,4.590189933776855469e+00,2.930058898925781250e+02,2.585030293464660645e+01,9.999999747378751636e-05
1.820000000000000000e+04,5.838257324218750000e+03,4.593225002288818359e+00,2.919125061035156250e+02,2.616968035697937012e+01,9.999999747378751636e-05
1.830000000000000000e+04,5.863771484375000000e+03,4.590237617492675781e+00,2.931880493164062500e+02,2.602074360847473145e+01,9.999999747378751636e-05
1.840000000000000000e+04,5.881265625000000000e+03,4.586073398590087891e+00,2.940626525878906250e+02,2.598232960700988770e+01,9.999999747378751636e-05
1.850000000000000000e+04,5.871951171875000000e+03,4.582554817199707031e+00,2.935969848632812500e+02,2.613889861106872559e+01,9.999999747378751636e-05
1.860000000000000000e+04,5.908161132812500000e+03,4.598762989044189453e+00,2.954075927734375000e+02,2.615860152244567871e+01,9.999999747378751636e-05
1.870000000000000000e+04,5.864949218750000000e+03,4.609328269958496094e+00,2.932462768554687500e+02,2.585567450523376465e+01,9.999999747378751636e-05
1.880000000000000000e+04,5.867207519531250000e+03,4.592721939086914062e+00,2.933600463867187500e+02,2.580750799179077148e+01,9.999999747378751636e-05
1.890000000000000000e+04,5.897928222656250000e+03,4.575015068054199219e+00,2.948959350585937500e+02,2.584844255447387695e+01,9.999999747378751636e-05
1.900000000000000000e+04,5.897497070312500000e+03,4.598530769348144531e+00,2.948741760253906250e+02,2.593062138557434082e+01,9.999999747378751636e-05
1.910000000000000000e+04,5.859696777343750000e+03,4.583210468292236328e+00,2.929844055175781250e+02,2.617786669731140137e+01,9.999999747378751636e-05
1.920000000000000000e+04,5.904656738281250000e+03,4.586517333984375000e+00,2.952322387695312500e+02,2.619297432899475098e+01,9.999999747378751636e-05
1.930000000000000000e+04,5.896703125000000000e+03,4.584251880645751953e+00,2.948348083496093750e+02,2.587186264991760254e+01,9.999999747378751636e-05
1.940000000000000000e+04,5.878589355468750000e+03,4.596655368804931641e+00,2.939291076660156250e+02,2.600388026237487793e+01,9.999999747378751636e-05
1.950000000000000000e+04,5.859552734375000000e+03,4.590709686279296875e+00,2.929771728515625000e+02,2.595541119575500488e+01,9.999999747378751636e-05
1.960000000000000000e+04,5.879794921875000000e+03,4.592800140380859375e+00,2.939893798828125000e+02,2.611838102340698242e+01,9.999999747378751636e-05
1.970000000000000000e+04,5.886098632812500000e+03,4.584294319152832031e+00,2.943045654296875000e+02,2.617818593978881836e+01,9.999999747378751636e-05
1.980000000000000000e+04,5.880064941406250000e+03,4.595308780670166016e+00,2.940027770996093750e+02,2.587507700920104980e+01,9.999999747378751636e-05
1.990000000000000000e+04,5.862468750000000000e+03,4.581436634063720703e+00,2.931230773925781250e+02,2.599865341186523438e+01,9.999999747378751636e-05
2.000000000000000000e+04,5.887928222656250000e+03,4.599067211151123047e+00,2.943960571289062500e+02,2.635658264160156250e+01,9.999999747378751636e-05
2.010000000000000000e+04,5.881355957031250000e+03,4.596059799194335938e+00,2.940674438476562500e+02,2.599516773223876953e+01,9.999999747378751636e-05
2.020000000000000000e+04,5.848642089843750000e+03,4.592481613159179688e+00,2.924316101074218750e+02,2.588905024528503418e+01,9.999999747378751636e-05
2.030000000000000000e+04,5.864703125000000000e+03,4.589786529541015625e+00,2.932347106933593750e+02,2.594454717636108398e+01,9.999999747378751636e-05
2.040000000000000000e+04,5.820853515625000000e+03,4.587121009826660156e+00,2.910422363281250000e+02,2.620263862609863281e+01,9.999999747378751636e-05
2.050000000000000000e+04,5.887328125000000000e+03,4.595994472503662109e+00,2.943660888671875000e+02,2.608804988861083984e+01,9.999999747378751636e-05
2.060000000000000000e+04,5.855795410156250000e+03,4.595597267150878906e+00,2.927892150878906250e+02,2.592336153984069824e+01,9.999999747378751636e-05
2.070000000000000000e+04,5.841820800781250000e+03,4.593053817749023438e+00,2.920906372070312500e+02,2.586740517616271973e+01,9.999999747378751636e-05
2.080000000000000000e+04,5.870618164062500000e+03,4.594416141510009766e+00,2.935306091308593750e+02,2.619813466072082520e+01,9.999999747378751636e-05
2.090000000000000000e+04,5.847138183593750000e+03,4.585682392120361328e+00,2.923565673828125000e+02,2.612643527984619141e+01,9.999999747378751636e-05
2.100000000000000000e+04,5.846621093750000000e+03,4.586828231811523438e+00,2.923306274414062500e+02,2.600487923622131348e+01,9.999999747378751636e-05
2.110000000000000000e+04,5.863135742187500000e+03,4.590837001800537109e+00,2.931564941406250000e+02,2.597615504264831543e+01,9.999999747378751636e-05
2.120000000000000000e+04,5.888669433593750000e+03,4.589497089385986328e+00,2.944330749511718750e+02,2.602549266815185547e+01,9.999999747378751636e-05
2.130000000000000000e+04,5.828087890625000000e+03,4.585485935211181641e+00,2.914038085937500000e+02,2.619626498222351074e+01,9.999999747378751636e-05
2.140000000000000000e+04,5.843919921875000000e+03,4.596987724304199219e+00,2.921953430175781250e+02,2.615988755226135254e+01,9.999999747378751636e-05
2.150000000000000000e+04,5.876322753906250000e+03,4.597091197967529297e+00,2.938156433105468750e+02,2.599112153053283691e+01,9.999999747378751636e-05
2.160000000000000000e+04,5.856063964843750000e+03,4.592450618743896484e+00,2.928027954101562500e+02,2.604196643829345703e+01,9.999999747378751636e-05
2.170000000000000000e+04,5.879264648437500000e+03,4.594792366027832031e+00,2.939628601074218750e+02,2.618424558639526367e+01,9.999999747378751636e-05
2.180000000000000000e+04,5.884678222656250000e+03,4.587510108947753906e+00,2.942335815429687500e+02,2.617103934288024902e+01,9.999999747378751636e-05
2.190000000000000000e+04,5.873861816406250000e+03,4.596292495727539062e+00,2.936927795410156250e+02,2.606338286399841309e+01,9.999999747378751636e-05
2.200000000000000000e+04,5.875825683593750000e+03,4.594277381896972656e+00,2.937908935546875000e+02,2.603883647918701172e+01,9.999999747378751636e-05
2.210000000000000000e+04,5.851272949218750000e+03,4.593478679656982422e+00,2.925630493164062500e+02,2.607192993164062500e+01,9.999999747378751636e-05
2.220000000000000000e+04,5.856831054687500000e+03,4.589482784271240234e+00,2.928411254882812500e+02,2.617023110389709473e+01,9.999999747378751636e-05
2.230000000000000000e+04,5.892870605468750000e+03,4.593095779418945312e+00,2.946431579589843750e+02,2.620036721229553223e+01,9.999999747378751636e-05
2.240000000000000000e+04,5.843434570312500000e+03,4.582923412322998047e+00,2.921713256835937500e+02,2.586959409713745117e+01,9.999999747378751636e-05
2.250000000000000000e+04,5.874533691406250000e+03,4.593533992767333984e+00,2.937263183593750000e+02,2.609854912757873535e+01,9.999999747378751636e-05
2.260000000000000000e+04,5.841030761718750000e+03,4.590394973754882812e+00,2.920511779785156250e+02,2.605912232398986816e+01,9.999999747378751636e-05
2.270000000000000000e+04,5.892784179687500000e+03,4.599770069122314453e+00,2.946386413574218750e+02,2.611239981651306152e+01,9.999999747378751636e-05
2.280000000000000000e+04,5.867079101562500000e+03,4.592280864715576172e+00,2.933535461425781250e+02,2.596047806739807129e+01,9.999999747378751636e-05
2.290000000000000000e+04,5.866896972656250000e+03,4.589988708496093750e+00,2.933444213867187500e+02,2.588529443740844727e+01,9.999999747378751636e-05
2.300000000000000000e+04,5.829563476562500000e+03,4.583687305450439453e+00,2.914777526855468750e+02,2.590685248374938965e+01,9.999999747378751636e-05
2.310000000000000000e+04,5.863190917968750000e+03,4.588006019592285156e+00,2.931592102050781250e+02,2.602759313583374023e+01,9.999999747378751636e-05
2.320000000000000000e+04,5.864303710937500000e+03,4.591025352478027344e+00,2.932148132324218750e+02,2.622996973991394043e+01,9.999999747378751636e-05
2.330000000000000000e+04,5.854107910156250000e+03,4.586901664733886719e+00,2.927050781250000000e+02,2.590873527526855469e+01,9.999999747378751636e-05
2.340000000000000000e+04,5.869563964843750000e+03,4.592878818511962891e+00,2.934778747558593750e+02,2.605103349685668945e+01,9.999999747378751636e-05
2.350000000000000000e+04,5.873993164062500000e+03,4.585561275482177734e+00,2.936992797851562500e+02,2.620992612838745117e+01,9.999999747378751636e-05
2.360000000000000000e+04,5.871452636718750000e+03,4.596496105194091797e+00,2.935722045898437500e+02,2.597454714775085449e+01,9.999999747378751636e-05
2.370000000000000000e+04,5.883699218750000000e+03,4.589187145233154297e+00,2.941845397949218750e+02,2.582829403877258301e+01,9.999999747378751636e-05
2.380000000000000000e+04,5.909880859375000000e+03,4.606267452239990234e+00,2.954937133789062500e+02,2.600886201858520508e+01,9.999999747378751636e-05
2.390000000000000000e+04,5.903363769531250000e+03,4.587470531463623047e+00,2.951676025390625000e+02,2.609726667404174805e+01,9.999999747378751636e-05
2.400000000000000000e+04,5.839047363281250000e+03,4.584255695343017578e+00,2.919520263671875000e+02,2.612384939193725586e+01,9.999999747378751636e-05
2.410000000000000000e+04,5.896938476562500000e+03,4.591099739074707031e+00,2.948461303710937500e+02,2.592526841163635254e+01,9.999999747378751636e-05
2.420000000000000000e+04,5.853260253906250000e+03,4.591022968292236328e+00,2.926625671386718750e+02,2.589169764518737793e+01,9.999999747378751636e-05
2.430000000000000000e+04,5.877359863281250000e+03,4.601937294006347656e+00,2.938677062988281250e+02,2.586786842346191406e+01,9.999999747378751636e-05
2.440000000000000000e+04,5.879919433593750000e+03,4.594886302947998047e+00,2.939955139160156250e+02,2.589502263069152832e+01,9.999999747378751636e-05
2.450000000000000000e+04,5.861104980468750000e+03,4.602193355560302734e+00,2.930548706054687500e+02,2.612398958206176758e+01,9.999999747378751636e-05
2.460000000000000000e+04,5.860992675781250000e+03,4.593375682830810547e+00,2.930492858886718750e+02,2.597243666648864746e+01,9.999999747378751636e-05
2.470000000000000000e+04,5.856763671875000000e+03,4.587785243988037109e+00,2.928378906250000000e+02,2.582216477394104004e+01,9.999999747378751636e-05
2.480000000000000000e+04,5.843433593750000000e+03,4.587475776672363281e+00,2.921712951660156250e+02,2.592204904556274414e+01,9.999999747378751636e-05
2.490000000000000000e+04,5.864141601562500000e+03,4.586850166320800781e+00,2.932066040039062500e+02,2.603338027000427246e+01,9.999999747378751636e-05
2.500000000000000000e+04,5.884061035156250000e+03,4.593287944793701172e+00,2.942023315429687500e+02,2.621221566200256348e+01,9.999999747378751636e-05
2.510000000000000000e+04,5.884215820312500000e+03,4.599175930023193359e+00,2.942104187011718750e+02,2.586538672447204590e+01,9.999999747378751636e-05
2.520000000000000000e+04,5.836583007812500000e+03,4.579231262207031250e+00,2.918288574218750000e+02,2.581207084655761719e+01,9.999999747378751636e-05
2.530000000000000000e+04,5.814590332031250000e+03,4.596806526184082031e+00,2.907292175292968750e+02,2.589189338684082031e+01,9.999999747378751636e-05
2.540000000000000000e+04,5.913110351562500000e+03,4.595103263854980469e+00,2.956551513671875000e+02,2.595907592773437500e+01,9.999999747378751636e-05
2.550000000000000000e+04,5.838127441406250000e+03,4.582160949707031250e+00,2.919060058593750000e+02,2.614036703109741211e+01,9.999999747378751636e-05
2.560000000000000000e+04,5.866148437500000000e+03,4.608276844024658203e+00,2.933067932128906250e+02,2.599388337135314941e+01,9.999999747378751636e-05
2.570000000000000000e+04,5.844958496093750000e+03,4.588704109191894531e+00,2.922474975585937500e+02,2.587655186653137207e+01,9.999999747378751636e-05
2.580000000000000000e+04,5.857491210937500000e+03,4.587161064147949219e+00,2.928742065429687500e+02,2.594941878318786621e+01,9.999999747378751636e-05
2.590000000000000000e+04,5.868370117187500000e+03,4.596462726593017578e+00,2.934181823730468750e+02,2.603229784965515137e+01,9.999999747378751636e-05
2.600000000000000000e+04,5.897024414062500000e+03,4.580545902252197266e+00,2.948508911132812500e+02,2.611592459678649902e+01,9.999999747378751636e-05
2.610000000000000000e+04,5.871483886718750000e+03,4.594493389129638672e+00,2.935738220214843750e+02,2.587296795845031738e+01,9.999999747378751636e-05
2.620000000000000000e+04,5.877765136718750000e+03,4.610839843750000000e+00,2.938879089355468750e+02,2.592440342903137207e+01,9.999999747378751636e-05
2.630000000000000000e+04,5.844712402343750000e+03,4.604305267333984375e+00,2.922353515625000000e+02,2.581242847442626953e+01,9.999999747378751636e-05
2.640000000000000000e+04,5.871662597656250000e+03,4.598781108856201172e+00,2.935828247070312500e+02,2.610028672218322754e+01,9.999999747378751636e-05
2.650000000000000000e+04,5.926836914062500000e+03,4.601935386657714844e+00,2.963414916992187500e+02,2.613831973075866699e+01,9.999999747378751636e-05
2.660000000000000000e+04,5.821175781250000000e+03,4.579441547393798828e+00,2.910585021972656250e+02,2.610423803329467773e+01,9.999999747378751636e-05
2.670000000000000000e+04,5.863900390625000000e+03,4.595776081085205078e+00,2.931946411132812500e+02,2.586108994483947754e+01,9.999999747378751636e-05
2.680000000000000000e+04,5.915729492187500000e+03,4.589350700378417969e+00,2.957861633300781250e+02,2.602254867553710938e+01,9.999999747378751636e-05
2.690000000000000000e+04,5.865409179687500000e+03,4.596400737762451172e+00,2.932700500488281250e+02,2.606485939025878906e+01,9.999999747378751636e-05
2.700000000000000000e+04,5.906812011718750000e+03,4.598176479339599609e+00,2.953403625488281250e+02,2.607423639297485352e+01,9.999999747378751636e-05
2.710000000000000000e+04,5.857662597656250000e+03,4.588074684143066406e+00,2.928826293945312500e+02,2.603308725357055664e+01,9.999999747378751636e-05
2.720000000000000000e+04,5.872133789062500000e+03,4.582396984100341797e+00,2.936060791015625000e+02,2.592612028121948242e+01,9.999999747378751636e-05
2.730000000000000000e+04,5.864448730468750000e+03,4.599050045013427734e+00,2.932220458984375000e+02,2.591262531280517578e+01,9.999999747378751636e-05
2.740000000000000000e+04,5.842143554687500000e+03,4.586764812469482422e+00,2.921066589355468750e+02,2.596523261070251465e+01,9.999999747378751636e-05
2.750000000000000000e+04,5.824705078125000000e+03,4.597128391265869141e+00,2.912350158691406250e+02,2.603291082382202148e+01,9.999999747378751636e-05
2.760000000000000000e+04,5.866193359375000000e+03,4.609261512756347656e+00,2.933092651367187500e+02,2.606531643867492676e+01,9.999999747378751636e-05
2.770000000000000000e+04,5.877150390625000000e+03,4.595468997955322266e+00,2.938570556640625000e+02,2.589185953140258789e+01,9.999999747378751636e-05
2.780000000000000000e+04,5.841258789062500000e+03,4.607335090637207031e+00,2.920624389648437500e+02,2.605866122245788574e+01,9.999999747378751636e-05
2.790000000000000000e+04,5.872614257812500000e+03,4.585472106933593750e+00,2.936303710937500000e+02,2.623740553855895996e+01,9.999999747378751636e-05
2.800000000000000000e+04,5.859859375000000000e+03,4.590114116668701172e+00,2.929927062988281250e+02,2.602662539482116699e+01,9.999999747378751636e-05
2.810000000000000000e+04,5.828717285156250000e+03,4.588236331939697266e+00,2.914352111816406250e+02,2.586769056320190430e+01,9.999999747378751636e-05
2.820000000000000000e+04,5.861832031250000000e+03,4.597805976867675781e+00,2.930912780761718750e+02,2.591594839096069336e+01,9.999999747378751636e-05
2.830000000000000000e+04,5.861958984375000000e+03,4.588850498199462891e+00,2.930976867675781250e+02,2.583858227729797363e+01,9.999999747378751636e-05
2.840000000000000000e+04,5.866299804687500000e+03,4.584437847137451172e+00,2.933147277832031250e+02,2.613509869575500488e+01,9.999999747378751636e-05
2.850000000000000000e+04,5.881714843750000000e+03,4.600610256195068359e+00,2.940850830078125000e+02,2.600252461433410645e+01,9.999999747378751636e-05
2.860000000000000000e+04,5.841883789062500000e+03,4.598062515258789062e+00,2.920938415527343750e+02,2.598661231994628906e+01,9.999999747378751636e-05
2.870000000000000000e+04,5.893927734375000000e+03,4.601370334625244141e+00,2.946961059570312500e+02,2.591939687728881836e+01,9.999999747378751636e-05
2.880000000000000000e+04,5.833871093750000000e+03,4.581354141235351562e+00,2.916932678222656250e+02,2.584296274185180664e+01,9.999999747378751636e-05
2.890000000000000000e+04,5.898333007812500000e+03,4.597306251525878906e+00,2.949163513183593750e+02,2.608010101318359375e+01,9.999999747378751636e-05
2.900000000000000000e+04,5.873263183593750000e+03,4.584947109222412109e+00,2.936629028320312500e+02,2.617189145088195801e+01,9.999999747378751636e-05
2.910000000000000000e+04,5.873547851562500000e+03,4.589517116546630859e+00,2.936771240234375000e+02,2.612649250030517578e+01,9.999999747378751636e-05
2.920000000000000000e+04,5.902507812500000000e+03,4.590479850769042969e+00,2.951250305175781250e+02,2.603792095184326172e+01,9.999999747378751636e-05
2.930000000000000000e+04,5.833473632812500000e+03,4.579949855804443359e+00,2.916731567382812500e+02,2.599239158630371094e+01,9.999999747378751636e-05
2.940000000000000000e+04,5.901630859375000000e+03,4.590281486511230469e+00,2.950812988281250000e+02,2.600493717193603516e+01,9.999999747378751636e-05
2.950000000000000000e+04,5.837917968750000000e+03,4.596038341522216797e+00,2.918955078125000000e+02,2.593998479843139648e+01,9.999999747378751636e-05
2.960000000000000000e+04,5.865320800781250000e+03,4.586842536926269531e+00,2.932657470703125000e+02,2.611852097511291504e+01,9.999999747378751636e-05
2.970000000000000000e+04,5.863332519531250000e+03,4.591562271118164062e+00,2.931662597656250000e+02,2.612269043922424316e+01,9.999999747378751636e-05
2.980000000000000000e+04,5.827650878906250000e+03,4.581894397735595703e+00,2.913821105957031250e+02,2.588958263397216797e+01,9.999999747378751636e-05
2.990000000000000000e+04,5.853205566406250000e+03,4.592308998107910156e+00,2.926600036621093750e+02,2.617973947525024414e+01,9.999999747378751636e-05
